{"BTC": 644.17, "ETH": 9015.243333333334, "LSK": 12.550000000000002}