{"BTC": 594.9766666666667, "ETH": 9360.726666666667, "LSK": 11.54}