{"BTC": 216.93666666666664, "ETH": 3300.17, "LSK": 4.303333333333334}