{"BTC": 620.01, "ETH": 9801.863333333335, "LSK": 12.586666666666666}