{"BTC": 218.11333333333334, "ETH": 3323.74, "LSK": 4.306666666666667}